avg_ticket,revenue_sum,customer_id,bookings_count
296.53999999999996,889.6199999999999,C02888,3
468.605,937.21,C01664,2
339.786,1698.93,C00447,5
528.1949999999999,1056.3899999999999,C01869,2
245.65999999999997,491.31999999999994,C00646,2
568.87,568.87,C01784,1
532.3666666666667,1597.1,C00861,3
217.81,217.81,C02006,1
383.91499999999996,1535.6599999999999,C00777,4
226.315,452.63,C02201,2
413.59999999999997,827.1999999999999,C00982,2
502.73499999999996,2010.9399999999998,C02121,4
263.42,263.42,C00901,1
589.69,1179.38,C02335,2
239.685,479.37,C01116,2
659.4440000000001,3297.2200000000003,C01313,5
393.33,393.33,C00103,1
417.7,417.7,C02255,1
144.74,144.74,C01038,1
830.375,1660.75,C02452,2
857.36,3429.44,C01234,4
520.8149999999999,1041.6299999999999,C00017,2
634.7249999999999,1269.4499999999998,C02375,2
196.57750000000001,786.3100000000001,C01454,4
238.865,477.73,C00237,2
530.6719999999999,2653.3599999999997,C00435,5
952.7650000000001,1905.5300000000002,C02594,2
362.34749999999997,1449.3899999999999,C01374,4
331.74,331.74,C00157,1
127.26,127.26,C02794,1
591.48,591.48,C01571,1
430.82,861.64,C00361,2
354.5433333333333,1063.6299999999999,C02712,3
484.6,484.6,C01495,1
538.725,2154.9,C00572,4
449.99666666666667,1349.99,C02934,3
404.7,809.4,C01707,2
798.7900000000001,1597.5800000000002,C00493,2
204.10000000000002,408.20000000000005,C01911,2
155.4,310.8,C00688,2
499.09000000000003,998.1800000000001,C02851,2
553.95,553.95,C01829,1
497.87,995.74,C00611,2
785.9185714285715,5501.43,C02977,7
281.38,281.38,C02046,1
517.1600000000001,2585.8,C00823,5
273.23,546.46,C01022,2
626.9875,2507.95,C01968,4
871.095,1742.19,C00743,2
544.0975000000001,2176.3900000000003,C02166,4
448.125,896.25,C00945,2
375.69000000000005,751.3800000000001,C02087,2
1059.22,1059.22,C01160,1
669.8,669.8,C00141,1
478.44,1435.32,C02298,3
987.1949999999999,1974.3899999999999,C01079,2
157.625,315.25,C02498,2
162.92,162.92,C01276,1
677.2566666666667,2031.77,C00062,3
222.27,222.27,C02416,1
365.8166666666666,1097.4499999999998,C01200,3
632.13,632.13,C00279,1
552.9466666666667,1658.8400000000001,C02635,3
707.02,707.02,C01417,1
547.35,1094.7,C00198,2
545.18,545.18,C01612,1
1254.4,2508.8,C00401,2
133.57,133.57,C02557,1
469.82666666666665,1409.48,C01335,3
268.625,537.25,C02755,2
604.9499999999999,1814.85,C01538,3
670.18,670.18,C00319,1
1000.9749999999999,2001.9499999999998,C02678,2
563.775,2255.1,C01752,4
766.2366666666667,2298.71,C00539,3
457.74399999999997,2288.72,C00730,5
424.33500000000004,848.6700000000001,C02894,2
529.61,1059.22,C01671,2
483.34999999999997,1450.05,C00454,3
354.795,709.59,C01874,2
316.71666666666664,950.15,C00651,3
866.6,866.6,C01789,1
283.195,566.39,C00868,2
477.195,2863.17,C02011,6
490.39,2451.95,C00784,5
170.18,170.18,C02206,1
749.815,1499.63,C00987,2
520.6675,2082.67,C01930,4
906.04,906.04,C02129,1
683.984,3419.92,C00908,5
481.90599999999995,2409.5299999999997,C02342,5
731.12,2193.36,C01121,3
563.1175,2252.47,C01319,4
239.1,478.2,C00108,2
351.57000000000005,1406.2800000000002,C02262,4
757.8449999999999,4547.07,C01043,6
289.33,578.66,C02458,2
384.62,769.24,C01239,2
317.7866666666667,953.36,C00023,3
282.15999999999997,564.3199999999999,C02380,2
779.5166666666668,2338.55,C01460,3
752.565,1505.13,C00242,2
209.93,419.86,C00440,2
690.335,1380.67,C02600,2
952.24,952.24,C01380,1
559.0519999999999,2795.2599999999998,C00162,5
379.62,759.24,C02801,2
395.892,1979.46,C01576,5
709.48,1418.96,C00366,2
435.055,1740.22,C02518,4
324.825,649.65,C02717,2
440.90999999999997,881.8199999999999,C01500,2
595.265,1190.53,C00578,2
461.07,922.14,C02942,2
770.92,770.92,C01715,1
636.81,1273.62,C00499,2
423.87999999999994,1271.6399999999999,C01917,3
367.24333333333334,1101.73,C00693,3
332.87,332.87,C02858,1
293.9166666666667,1763.5,C01636,6
885.5675,3542.27,C01837,4
534.93,1069.86,C00616,2
547.2233333333334,1641.67,C02983,3
606.155,1212.31,C02051,2
475.18,475.18,C00828,1
498.48,1495.44,C01028,3
355.225,710.45,C01973,2
557.65,1672.9499999999998,C00748,3
646.45,1292.9,C02172,2
401.32000000000005,802.6400000000001,C00950,2
462.28499999999997,924.5699999999999,C02092,2
465.45,930.9,C01165,2
357.7075,1430.83,C00147,4
614.27,2457.08,C02304,4
303.365,606.73,C01085,2
600.6659999999999,3003.33,C02504,5
486.41,1459.23,C01283,3
270.46666666666664,811.4,C00069,3
158.31,158.31,C02224,1
340.8,681.6,C02421,2
544.445,3266.67,C01206,6
251.69,251.69,C00284,1
484.05,1452.15,C02640,3
465.5566666666667,1396.67,C01423,3
844.1899999999999,1688.3799999999999,C00203,2
576.44,1152.88,C01619,2
619.46,619.46,C00407,1
283.7633333333333,851.29,C02562,3
370.95,741.9,C01342,2
554.765,1109.53,C02760,2
461.545,923.09,C01543,2
221.56,443.12,C00326,2
433.68,433.68,C02684,1
740.0533333333333,4440.32,C01758,6
520.32,520.32,C00544,1
1070.07,1070.07,C00735,1
1138.6,1138.6,C02899,1
139.95,139.95,C01678,1
346.84666666666664,1040.54,C00459,3
1048.56,1048.56,C01880,1
172.35,172.35,C00657,1
635.3525,2541.41,C02822,4
501.75333333333333,1505.26,C01795,3
796.92,3187.68,C00875,4
319.81,959.4300000000001,C02018,3
432.07,1296.21,C00790,3
1023.07,1023.07,C02211,1
1106.66,1106.66,C00992,1
552.854,2764.27,C01936,5
435.56333333333333,1306.69,C02135,3
797.08,797.08,C00914,1
458.7366666666667,1376.21,C02347,3
392.71,392.71,C01126,1
769.1433333333334,2307.4300000000003,C01325,3
672.775,1345.55,C00113,2
713.09,2139.27,C02267,3
148.125,296.25,C01048,2
202.15,202.15,C02465,1
174.315,348.63,C01245,2
687.615,1375.23,C00029,2
308.03333333333336,924.1,C02386,3
400.615,801.23,C01466,2
165.905,331.81,C00247,2
819.7,819.7,C00445,1
166.55,166.55,C02605,1
583.625,1167.25,C01386,2
658.64,658.64,C00168,1
157.925,315.85,C02806,2
353.3866666666667,1060.16,C01581,3
176.86,176.86,C00372,1
283.42400000000004,1417.1200000000001,C02524,5
468.4666666666667,1405.4,C02723,3
611.285,1222.57,C01506,2
526.56,526.56,C00583,1
910.84,1821.68,C02947,2
769.085,1538.17,C01721,2
291.59999999999997,583.1999999999999,C00506,2
609.518,3047.59,C01922,5
591.1,1773.3,C00698,3
503.935,2015.74,C02864,4
650.664,3253.3199999999997,C01641,5
831.66,831.66,C01843,1
151.965,607.86,C00622,4
642.24,642.24,C02988,1
531.3633333333333,1594.09,C02057,3
688.954,3444.77,C00833,5
519.05,519.05,C01034,1
298.28,596.56,C01981,2
569.3525,2277.41,C00753,4
563.7333333333333,1691.2,C02177,3
412.7366666666667,1238.21,C00957,3
754.1125,3016.45,C02097,4
273.855,547.71,C01171,2
406.23,406.23,C02309,1
605.675,1211.35,C01090,2
589.8133333333334,1769.44,C02510,3
706.355,1412.71,C01288,2
304.04,608.08,C00075,2
1107.55,1107.55,C02231,1
798.27,798.27,C02427,1
684.42,1368.84,C01211,2
487.54,487.54,C00292,1
1008.105,2016.21,C02645,2
541.16,541.16,C01429,1
1300.71,1300.71,C00208,1
247.11,247.11,C01626,1
461.16,1383.48,C00412,3
454.43,454.43,C02568,1
600.045,1200.09,C01349,2
752.43,752.43,C02767,1
134.615,269.23,C01548,2
221.445,442.89,C00332,2
777.73,1555.46,C02690,2
747.49,1494.98,C01763,2
382.99,382.99,C00549,1
726.972,3634.8599999999997,C02905,5
590.89,1772.67,C01683,3
707.42,707.42,C00465,1
462.42499999999995,1849.6999999999998,C01886,4
347.52,695.04,C00662,2
146.48000000000002,292.96000000000004,C02828,2
691.03,1382.06,C01801,2
882.59,1765.18,C00880,2
808.51,808.51,C02024,1
512.0475,2048.19,C00796,4
340.61,340.61,C02216,1
281.71,563.42,C00998,2
708.8,708.8,C01944,1
502.855,1005.71,C02141,2
447.445,894.89,C00920,2
377.42,377.42,C02353,1
442.488,2212.44,C01132,5
494.03,494.03,C00118,1
631.7950000000001,1263.5900000000001,C02273,2
394.57,394.57,C01053,1
587.21,1174.42,C02473,2
874.35,1748.7,C01250,2
979.73,1959.46,C00036,2
614.3059999999999,3071.5299999999997,C02391,5
546.99,546.99,C01472,1
665.71,1997.13,C00254,3
1180.46,1180.46,C02610,1
343.43,343.43,C01392,1
1133.53,1133.53,C00174,1
780.6433333333334,2341.9300000000003,C02814,3
292.32,292.32,C01587,1
489.055,978.11,C00377,2
316.09,316.09,C02529,1
453.03499999999997,906.0699999999999,C02730,2
297.022,1485.11,C01512,5
1446.3899999999999,2892.7799999999997,C00590,2
512.4,512.4,C02954,1
393.15,393.15,C01726,1
648.74,648.74,C00512,1
392.14,392.14,C01927,1
462.09666666666664,1386.29,C00703,3
157.12,157.12,C02869,1
978.905,1957.81,C01646,2
539.9533333333334,1619.8600000000001,C01849,3
790.29,790.29,C00628,1
480.34666666666664,1441.04,C02993,3
351.345,702.69,C02063,2
716.835,1433.67,C00839,2
369.89000000000004,739.7800000000001,C01986,2
465.46,465.46,C00758,1
403.54333333333335,1210.63,C02182,3
561.004,2805.02,C00962,5
267.12,534.24,C02103,2
650.9566666666667,1952.8700000000001,C01179,3
409.42,818.84,C02316,2
366.952,1834.76,C01096,5
391.39,391.39,C02516,1
160.92,160.92,C01294,1
447.91333333333336,2687.48,C00082,6
411.72,411.72,C02236,1
283.19,283.19,C02433,1
651.065,1302.13,C01216,2
608.71,1826.13,C00297,3
784.3,1568.6,C02651,2
993.48,993.48,C01434,1
410.25666666666666,1230.77,C00214,3
534.4033333333333,1603.21,C00417,3
813.6466666666666,2440.94,C02573,3
792.44,1584.88,C01354,2
606.96,606.96,C02773,1
563.51,563.51,C01553,1
483.28666666666663,1449.86,C00337,3
610.74,3053.7,C02695,5
459.74,919.48,C01769,2
256.18,256.18,C00554,1
199.37,199.37,C02911,1
208.115,416.23,C01688,2
500.16499999999996,2000.6599999999999,C00471,4
629.835,1259.67,C01892,2
365.88,365.88,C00669,1
362.195,724.39,C02833,2
406.495,812.99,C01807,2
296.68,593.36,C00886,2
168.58499999999998,337.16999999999996,C02029,2
404.15,404.15,C00803,1
254.19,508.38,C01003,2
773.41,2320.23,C01949,3
1009.77,1009.77,C02146,1
373.16,373.16,C00926,1
898.88,1797.76,C02360,2
908.715,1817.43,C01140,2
430.925,861.85,C00123,2
189.51,189.51,C02280,1
552.64,1657.92,C01058,3
580.9333333333333,1742.8,C02479,3
1136.29,1136.29,C01256,1
423.165,846.33,C00041,2
565.0166666666667,1695.05,C02396,3
678.5875,2714.35,C01478,4
565.1133333333333,1695.34,C00260,3
217.17000000000002,434.34000000000003,C02615,2
278.24,834.72,C01397,3
134.1,134.1,C00180,1
449.6,899.2,C01592,2
304.74333333333334,914.23,C00383,3
284.72,284.72,C02537,1
955.78,955.78,C02736,1
124.01,124.01,C01517,1
712.5150000000001,1425.0300000000002,C00596,2
442.27,1326.81,C02960,3
832.5550000000001,1665.1100000000001,C01731,2
371.9,371.9,C00520,1
435.595,871.19,C00709,2
300.16,900.48,C02874,3
861.88,1723.76,C01652,2
643.4866666666667,1930.46,C01854,3
1185.04,1185.04,C00634,1
178.23,178.23,C02999,1
1024.46,1024.46,C02070,1
695.71,1391.42,C00849,2
199.69,199.69,C01991,1
404.28,404.28,C00763,1
392.47499999999997,784.9499999999999,C02188,2
177.27666666666667,531.83,C00967,3
232.91333333333333,698.74,C02109,3
512.9025,2051.61,C01186,4
369.97,739.94,C02322,2
261.2,261.2,C01104,1
211.08,211.08,C01300,1
304.775,609.55,C00087,2
650.5833333333334,1951.75,C02241,3
215.6325,862.53,C02438,4
413.03499999999997,826.0699999999999,C01221,2
223.72,223.72,C00003,1
277.42,554.84,C02658,2
380.45,380.45,C01440,1
122.43,122.43,C00220,1
446.58,446.58,C00422,1
650.74,650.74,C02579,1
298.975,597.95,C01360,2
973.97,973.97,C02780,1
909.905,1819.81,C01558,2
162.29,162.29,C00342,1
393.36,786.72,C02700,2
450.74,1352.22,C01775,3
362.59000000000003,725.1800000000001,C00559,2
453.1033333333333,1359.31,C02918,3
532.06,532.06,C01693,1
476.7166666666667,1430.15,C00478,3
585.4133333333333,1756.24,C01898,3
436.69,436.69,C00675,1
650.5425,2602.17,C02839,4
669.2,2007.6000000000001,C01812,3
741.54,741.54,C00598,1
367.15,367.15,C02034,1
625.385,2501.54,C00808,4
144.5,144.5,C01008,1
366.79,366.79,C01956,1
597.8000000000001,1195.6000000000001,C02151,2
616.6,1849.8,C00932,3
505.4433333333333,1516.33,C02366,3
187.3,187.3,C01145,1
379.11,379.11,C00128,1
152.3,152.3,C02285,1
173.495,693.98,C01065,4
450.69666666666666,1352.09,C02484,3
670.425,1340.85,C01262,2
666.95,666.95,C00046,1
477.74,477.74,C02401,1
804.9200000000001,1609.8400000000001,C01188,2
486.44,1459.32,C00265,3
815.8,815.8,C02621,1
494.07,988.14,C01402,2
756.11,1512.22,C00185,2
160.67,160.67,C01597,1
415.74000000000007,2078.7000000000003,C00388,5
479.055,1916.22,C02544,4
689.0949999999999,1378.1899999999998,C02741,2
630.94,630.94,C01522,1
159.005,318.01,C00306,2
769.3566666666667,2308.07,C02966,3
177.05,177.05,C01737,1
409.89,819.78,C00526,2
171.74,171.74,C00716,1
165.365,330.73,C02880,2
678.69,1357.38,C01657,2
432.4066666666667,1297.22,C01860,3
497.14,994.28,C00639,2
120.73,120.73,C02076,1
826.755,1653.51,C00854,2
180.31000000000003,540.9300000000001,C01998,3
260.90999999999997,521.8199999999999,C00770,2
327.49,327.49,C02194,1
1027.635,2055.27,C00974,2
264.33,264.33,C02114,1
499.29999999999995,1997.1999999999998,C00894,4
514.37,514.37,C02327,1
777.9033333333333,2333.71,C01109,3
489.58666666666664,1468.76,C01306,3
304.82666666666665,914.48,C00094,3
184.97,184.97,C02247,1
684.5366666666665,2053.6099999999997,C02445,3
526.7666666666667,1580.3,C01226,3
598.62,1795.8600000000001,C00008,3
488.015,976.03,C02666,2
479.90333333333336,1439.71,C01446,3
406.71000000000004,813.4200000000001,C00228,2
207.76,207.76,C00428,1
329.04999999999995,1316.1999999999998,C02586,4
219.62,439.24,C01366,2
565.255,1130.51,C02787,2
432.28666666666663,1296.86,C01563,3
362.29,362.29,C00351,1
1105,1105,C02705,1
710,710,C01486,1
254.87,254.87,C00565,1
799.89,1599.78,C02926,2
483.09,1449.27,C01700,3
611.8050000000001,1223.6100000000001,C00485,2
399.9066666666667,1199.72,C01903,3
262.22249999999997,1048.8899999999999,C00681,4
313.40500000000003,1253.6200000000001,C02844,4
473.96,1895.84,C01819,4
489.12999999999994,1467.3899999999999,C00603,3
436.4475,1745.79,C02039,4
378.25,378.25,C00815,1
316.055,632.11,C01014,2
448.2333333333333,1344.6999999999998,C01961,3
942.735,1885.47,C02158,2
290.57,290.57,C00937,1
742.31,1484.62,C02079,2
156.11,156.11,C01150,1
551.1166666666667,1653.3500000000001,C00134,3
1087.6,1087.6,C02290,1
705.01,2820.04,C01071,4
437.3966666666667,1312.19,C02489,3
333.89750000000004,1335.5900000000001,C01268,4
591.715,1183.43,C00054,2
457.7,1373.1,C02408,3
381.205,762.41,C01193,2
637.41,637.41,C00270,1
589.0933333333334,1767.28,C02628,3
873.44,873.44,C01407,1
697.9699999999999,2093.91,C00191,3
829.27,829.27,C01603,1
621.895,2487.58,C00393,4
727.6033333333334,2182.81,C02550,3
377.58,377.58,C02748,1
589.43,589.43,C01529,1
231.375,462.75,C00312,2
428.09,1284.27,C02669,3
616.0450000000001,1232.0900000000001,C01743,2
521.075,1042.15,C00531,2
828.425,1656.85,C00722,2
366.91,366.91,C02886,1
146.49,146.49,C01662,1
338.14750000000004,1352.5900000000001,C01867,4
378.50333333333333,1135.51,C00644,3
169.82000000000002,509.46000000000004,C01782,3
251.07,502.14,C00859,2
319.09000000000003,638.1800000000001,C02004,2
166.39499999999998,332.78999999999996,C00775,2
244.12666666666667,732.38,C02199,3
576.2025,2304.81,C00980,4
585.2800000000001,3511.6800000000003,C02119,6
173.28333333333333,519.85,C00899,3
421.65,843.3,C02333,2
751.4133333333333,2254.24,C01114,3
478.7085714285714,3350.96,C01311,7
662.7033333333333,1988.11,C00101,3
418.13,836.26,C02253,2
651.35,651.35,C02450,1
161.62,161.62,C01232,1
1063.04,2126.08,C00014,2
315.68,315.68,C02373,1
494.5,1978,C01452,4
541.8133333333334,1625.44,C00234,3
580.99,1161.98,C00433,2
866.8299999999999,2600.49,C02592,3
683.19,2049.57,C01372,3
764.465,1528.93,C00155,2
767.88,767.88,C02792,1
355.47,355.47,C01569,1
301.938,1509.69,C00358,5
606.52,606.52,C02710,1
163.86,327.72,C01493,2
747.405,1494.81,C00570,2
493.465,986.93,C02932,2
614.59,1229.18,C01705,2
445.55,445.55,C00491,1
1338.69,1338.69,C01909,1
667.5025,2670.01,C00686,4
755.68,1511.36,C02849,2
749.31,749.31,C01826,1
234.185,468.37,C00609,2
567.53,567.53,C02975,1
611.4449999999999,1222.8899999999999,C02044,2
838.96,1677.92,C00820,2
413.3066666666667,1239.92,C01019,3
653.3299999999999,1306.6599999999999,C01966,2
156.19,156.19,C00741,1
386.67400000000004,1933.3700000000001,C02163,5
880.1,880.1,C00943,1
580.13,580.13,C02085,1
415.40000000000003,1246.2,C01157,3
462.0466666666666,1386.1399999999999,C00139,3
161.68,323.36,C02295,2
501.68999999999994,1003.3799999999999,C01076,2
394.87600000000003,1974.38,C02496,5
657.8,657.8,C01274,1
465.34749999999997,1861.3899999999999,C00059,4
517.285,1034.57,C02414,2
242.57,242.57,C01198,1
603.9366666666666,1811.81,C00275,3
937.63,937.63,C02633,1
895.18,1790.36,C01415,2
333.87,667.74,C00196,2
482.22166666666664,2893.33,C01609,6
634.17,1268.34,C00399,2
319.25,957.75,C02555,3
488.475,976.95,C01332,2
415.14000000000004,1245.42,C02753,3
795.24,795.24,C01534,1
494.1333333333334,1482.4,C00317,3
430.68333333333334,1292.05,C02674,3
375.385,750.77,C01750,2
182.12,182.12,C00537,1
928.13,928.13,C00727,1
600.39,600.39,C02892,1
557.17,557.17,C01669,1
724.86,1449.72,C00451,2
514.9933333333333,1544.98,C01872,3
154.82,154.82,C00649,1
486.67,1460.01,C01787,3
406.515,1626.06,C00864,4
424.52,1273.56,C02009,3
939.75,1879.5,C00781,2
588.438,2942.19,C02204,5
134.3,134.3,C00985,1
1083.37,1083.37,C02127,1
403.3633333333333,1210.09,C00905,3
625.66,1251.32,C02338,2
922.1,922.1,C01119,1
717.2,1434.4,C01317,2
373.99,747.98,C00106,2
502.3,1506.9,C02259,3
566.48,566.48,C01041,1
658.3,1316.6,C02456,2
393.005,786.01,C01237,2
266.73,533.46,C00021,2
248.6,497.2,C02378,2
401.12,401.12,C01458,1
243.09750000000003,972.3900000000001,C00240,4
269.98,269.98,C00438,1
562.29,1124.58,C02597,2
160.85,160.85,C01378,1
324.495,648.99,C00160,2
445.52,445.52,C02797,1
401.51,803.02,C01574,2
397.28,397.28,C00364,1
564.3,1128.6,C02715,2
612.6333333333333,1837.9,C01498,3
462.6719999999999,2313.3599999999997,C00575,5
210.385,420.77,C02939,2
599.382,2996.91,C01712,5
445.3,445.3,C00497,1
573.0466666666666,1719.1399999999999,C01914,3
521.8675000000001,2087.4700000000003,C00691,4
477.78999999999996,1433.37,C02855,3
485.12,1940.48,C01634,4
786.8800000000001,2360.6400000000003,C01834,3
684.2266666666668,2052.6800000000003,C00614,3
339.4166666666667,1018.25,C02981,3
445.7375,1782.95,C02049,4
234.61333333333334,703.84,C00826,3
641.475,1282.95,C01026,2
743.165,1486.33,C01971,2
259.9866666666667,779.96,C00746,3
538.405,1076.81,C02170,2
639.83,639.83,C00948,1
387.7,387.7,C02090,1
662.29,662.29,C01163,1
143.53500000000003,287.07000000000005,C00145,2
361.05,361.05,C02301,1
536.0066666666667,1608.02,C01083,3
969.68,969.68,C02501,1
617.976,3089.88,C01281,5
370.64,370.64,C00066,1
584.7066666666666,1754.12,C02222,3
574.355,1148.71,C02419,2
957.7049999999999,1915.4099999999999,C01204,2
663.42,663.42,C00282,1
546.3233333333334,1638.97,C02638,3
539.605,1079.21,C01420,2
407.946,2039.73,C00201,5
338.83,1016.49,C01617,3
656.585,1313.17,C00404,2
866.81,866.81,C02560,1
188.87,188.87,C01340,1
463.58000000000004,927.1600000000001,C02758,2
786.895,1573.79,C01541,2
431.325,1725.3,C00322,4
533.38,2133.52,C02682,4
544.43,1633.29,C01756,3
434.5366666666667,1303.6100000000001,C00542,3
866.91,2600.73,C00733,3
413.71,827.42,C02897,2
826.375,1652.75,C01675,2
570.2533333333333,1710.76,C00457,3
1007.16,3021.48,C01877,3
584.34,584.34,C00655,1
358.09,716.18,C02819,2
634.23,634.23,C01793,1
602.505,2410.02,C00873,4
829.2933333333334,2487.88,C02016,3
538.256,2691.2799999999997,C00788,5
464.86,929.72,C02209,2
554.19,1108.38,C00990,2
161.56,161.56,C01934,1
500.84499999999997,1001.6899999999999,C02133,2
432.8333333333333,1298.5,C00912,3
402.13,804.26,C02345,2
879.74,879.74,C01124,1
384.46,384.46,C01323,1
204.41,204.41,C00111,1
734.62,1469.24,C02265,2
538.5,1615.5,C01046,3
440.03,440.03,C02461,1
378.74,378.74,C01242,1
408.24,816.48,C00027,2
443.34,443.34,C02384,1
311.775,623.55,C01464,2
820.8,820.8,C00245,1
839.4133333333333,2518.24,C00443,3
424.0175,1696.07,C02603,4
729.018,3645.09,C01383,5
532.7900000000001,1598.3700000000001,C00166,3
674.8766666666667,2024.63,C02804,3
176.51,176.51,C01579,1
741.91,741.91,C00370,1
463.02200000000005,2315.11,C02522,5
546.8833333333333,1640.65,C02721,3
552.47,1104.94,C01504,2
689.4566666666666,2068.37,C00581,3
478.005,956.01,C02945,2
1288.94,1288.94,C01719,1
538.5649999999999,1077.1299999999999,C00504,2
276.53333333333336,829.6,C01920,3
177.825,355.65,C00696,2
342.70000000000005,685.4000000000001,C02861,2
328.495,656.99,C01639,2
437.2033333333333,1311.61,C01840,3
927.36,927.36,C00620,1
539.57,539.57,C02986,1
219.7,219.7,C02054,1
598.6942857142858,4190.860000000001,C00831,7
673.11,2692.44,C01031,4
692.44,692.44,C01979,1
873.36,873.36,C00751,1
297.32250000000005,1189.2900000000002,C02175,4
719.9933333333333,2159.98,C00955,3
759.8050000000001,1519.6100000000001,C02095,2
726.14,2178.42,C01168,3
454.06,908.12,C02307,2
776.985,1553.97,C01088,2
639.605,1279.21,C02508,2
160.63,321.26,C01286,2
409.0183333333334,2454.11,C00072,6
975.5366666666667,2926.61,C02227,3
462.96,462.96,C02424,1
524.5333333333334,1573.6000000000001,C01209,3
163,163,C00290,1
164.9333333333333,494.79999999999995,C02643,3
147.1,147.1,C01427,1
587.318,2936.59,C00206,5
501.61,1003.22,C01624,2
404.0225,1616.09,C00410,4
519.43,1558.29,C02565,3
852.115,1704.23,C01347,2
326.1466666666667,978.44,C02765,3
296.25,888.75,C01546,3
540.005,1080.01,C00330,2
450.06333333333333,1350.19,C02687,3
852.25,852.25,C01761,1
515.83,1031.66,C00547,2
315.785,631.57,C00739,2
306.546,1532.73,C02903,5
566.24,2264.96,C01681,4
252.4,757.2,C00462,3
327.81,655.62,C01884,2
693.2066666666666,2079.62,C00660,3
655.495,1310.99,C02825,2
123.41,123.41,C01798,1
261.535,1046.14,C00878,4
729.04,729.04,C02021,1
504.172,2520.86,C00793,5
256.36,256.36,C02214,1
1178.67,1178.67,C00996,1
455.27,1821.08,C01942,4
400.96,400.96,C02139,1
353.81,1061.43,C00918,3
371.14,371.14,C02351,1
377.0133333333333,1131.04,C01130,3
829.27,1658.54,C01329,2
193.82999999999998,387.65999999999997,C00116,2
264.804,1324.02,C02271,5
689.66,1379.32,C01051,2
432.44,432.44,C02470,1
407.18,407.18,C01248,1
560.07,560.07,C00034,1
465.39000000000004,1396.17,C02389,3
504.28999999999996,1512.87,C01469,3
637.7049999999999,1275.4099999999999,C00251,2
533.7766666666666,1601.33,C02608,3
861.6619999999999,4308.3099999999995,C01389,5
361.27000000000004,722.5400000000001,C00172,2
706.87,2827.48,C02810,4
370.775,741.55,C01584,2
494.98249999999996,1979.9299999999998,C00375,4
346.03499999999997,692.0699999999999,C02527,2
351.59,1406.36,C02727,4
707.09,1414.18,C01509,2
629.35,1258.7,C00587,2
836.36,836.36,C02950,1
595.24,1190.48,C01724,2
533.6700000000001,1601.0100000000002,C00509,3
713.825,1427.65,C01925,2
647.96,1943.88,C00701,3
205.5,205.5,C02867,1
667.14,1334.28,C01644,2
753.6566666666668,2260.9700000000003,C01846,3
151.64,151.64,C00625,1
646.7850000000001,1293.5700000000002,C02991,2
183.04,183.04,C02060,1
951.6700000000001,1903.3400000000001,C00837,2
721.7925,2887.17,C01984,4
392.04999999999995,784.0999999999999,C00756,2
647.64,1295.28,C02180,2
370.15,370.15,C00960,1
808.585,1617.17,C02100,2
844.72,844.72,C01175,1
652.374,3261.87,C02313,5
342.89,342.89,C01094,1
291.57,583.14,C02514,2
468.935,937.87,C01292,2
861.1200000000001,4305.6,C00079,5
645.8199999999999,1291.6399999999999,C02234,2
637.2249999999999,1274.4499999999998,C02431,2
426.54,853.08,C01214,2
739.4549999999999,1478.9099999999999,C00295,2
230.735,461.47,C02649,2
596.4599999999999,1789.3799999999999,C01432,3
277.7033333333333,833.11,C00212,3
627.36,1254.72,C00415,2
502.37,502.37,C02571,1
549.07,549.07,C01352,1
607.0350000000001,1214.0700000000002,C02770,2
301.345,602.69,C01551,2
410.565,1642.26,C00335,4
860.56,1721.12,C02693,2
495.80000000000007,3470.6000000000004,C01766,7
693.345,2773.38,C00552,4
382.476,1912.38,C02909,5
791.405,3165.62,C01686,4
299.78,299.78,C00469,1
537.16,1074.32,C01889,2
188.15,188.15,C00666,1
590.38,3542.28,C02831,6
296.065,592.13,C01805,2
368.1825,1472.73,C00884,4
410.04499999999996,820.0899999999999,C02027,2
755.63,1511.26,C00799,2
905.435,1810.87,C02219,2
650.19,1300.38,C01001,2
859.4,859.4,C01947,1
415.555,831.11,C02144,2
205.15,205.15,C00924,1
865.4933333333333,2596.48,C02357,3
568.37,568.37,C01138,1
667.85,1335.7,C00121,2
596.9666666666667,1790.9,C02277,3
305.555,611.11,C01056,2
558.17,2232.68,C02477,4
364.385,1457.54,C01254,4
622.0633333333334,1866.19,C00039,3
655.05,655.05,C02394,1
829.6725,3318.69,C01476,4
946.875,3787.5,C00257,4
371.61,371.61,C02613,1
397.955,795.91,C01395,2
788.785,1577.57,C00178,2
529.4466666666666,1588.34,C02817,3
596.5433333333334,1789.63,C01590,3
643.47,643.47,C00380,1
175.69,351.38,C02534,2
650.765,1301.53,C02733,2
134.79,134.79,C01515,1
432.15000000000003,864.3000000000001,C00594,2
735.754,3678.77,C02958,5
597.51,1195.02,C01729,2
276.09000000000003,552.1800000000001,C00517,2
388.64,1554.56,C00706,4
776.02,2328.06,C02872,3
296.065,592.13,C01649,2
393.6,787.2,C01852,2
625.4833333333332,1876.4499999999998,C00631,3
828.6233333333333,2485.87,C02996,3
860.015,1720.03,C02068,2
368.00333333333333,1104.01,C00845,3
757.01,1514.02,C01989,2
268.77,268.77,C00761,1
218.43,218.43,C02186,1
229.81,459.62,C00965,2
645.07,645.07,C02106,1
355.58,355.58,C01184,1
752.9200000000001,1505.8400000000001,C02319,2
634.945,1269.89,C01100,2
499.0525,1996.21,C01298,4
764.165,1528.33,C00085,2
997.33,997.33,C02239,1
495.3083333333334,2971.8500000000004,C02436,6
1014.7,1014.7,C01219,1
620.18,620.18,C00001,1
345.89,691.78,C02655,2
296.06,296.06,C01438,1
745.72,745.72,C00217,1
264.67,264.67,C00420,1
603.2366666666667,1809.71,C02577,3
352.28999999999996,1409.1599999999999,C01357,4
378.395,756.79,C02777,2
727.76,1455.52,C01556,2
402.62,805.24,C00340,2
170.43,170.43,C02698,1
160.075,320.15,C01773,2
300.875,601.75,C00557,2
357.4075,1429.63,C02916,4
761.418,3807.09,C01691,5
406.09,812.18,C00476,2
272.0466666666667,816.14,C01895,3
584.735,1169.47,C00673,2
232.53,465.06,C02837,2
659.495,1318.99,C01810,2
451.25333333333333,1353.76,C00890,3
732.87,732.87,C02032,1
793.26,793.26,C00806,1
400.625,801.25,C01006,2
201.06,201.06,C01953,1
789.68,789.68,C02149,1
173.02499999999998,346.04999999999995,C00930,2
359.51,1078.53,C02364,3
302.045,604.09,C01143,2
463.5525,1854.21,C00126,4
397.44,397.44,C02283,1
786.5866666666666,2359.7599999999998,C01063,3
744.76,744.76,C02482,1
442.48,442.48,C01260,1
149.43,149.43,C00044,1
435.18499999999995,870.3699999999999,C02399,2
545.8100000000001,1637.43,C01481,3
375.91,1127.73,C00263,3
630.5450000000001,1261.0900000000001,C02619,2
886.02,886.02,C01400,1
479.67,1918.68,C00183,4
639.39,639.39,C01595,1
398.395,796.79,C00386,2
456.985,913.97,C02541,2
609.26,609.26,C02739,1
220.33,220.33,C01520,1
402.944,2014.72,C00304,5
444.34,444.34,C02964,1
525.62,1051.24,C01735,2
390.41499999999996,780.8299999999999,C00524,2
350.15333333333336,1050.46,C00714,3
264.65000000000003,529.3000000000001,C02877,2
635.6,1906.8,C01655,3
391.47,391.47,C01858,1
476.90999999999997,953.8199999999999,C00637,2
1138,1138,C02073,1
466.07,466.07,C00852,1
563.3100000000001,2816.55,C01996,5
419.255,1677.02,C00768,4
564.08,564.08,C02192,1
629.53,629.53,C00972,1
1300.71,1300.71,C02112,1
929,1858,C00892,2
696.44,696.44,C02325,1
524.425,1048.85,C01107,2
448.02,896.04,C01304,2
209.84,209.84,C00091,1
486.74333333333334,1460.23,C02244,3
403.79333333333335,1211.38,C02443,3
734.1625,2936.65,C01224,4
159.44,159.44,C00006,1
388.44,388.44,C02664,1
465.75,931.5,C01444,2
519.4449999999999,1038.8899999999999,C00225,2
675.4133333333333,2026.24,C00426,3
496.78,496.78,C02584,1
196.87,196.87,C01364,1
689.4200000000001,1378.8400000000001,C02784,2
908.23,1816.46,C01561,2
392.63,392.63,C00346,1
524.5,524.5,C02703,1
653.5633333333334,1960.69,C01483,3
586.845,1173.69,C00562,2
498.46000000000004,1495.38,C02924,3
208.89,208.89,C01697,1
621,2484,C00483,4
509.16999999999996,2545.85,C01901,5
840.5450000000001,1681.0900000000001,C00678,2
326.515,653.03,C02842,2
413.76,827.52,C01817,2
417.01666666666665,1251.05,C00601,3
571.95,1143.9,C02037,2
285.92,285.92,C00812,1
555.4025,2221.61,C01012,4
784.635,3138.54,C01959,4
445.66,445.66,C02156,1
283.19,849.57,C00935,3
309.695,619.39,C02369,2
720.71,720.71,C01148,1
518.2900000000001,1554.8700000000001,C00132,3
491.15500000000003,982.3100000000001,C02288,2
218.24,218.24,C01069,1
338.9,338.9,C02487,1
540.1133333333333,1620.3400000000001,C01265,3
645.82,645.82,C00052,1
887.39,2662.17,C02406,3
359.8725,1439.49,C01191,4
449.9066666666667,1349.72,C00268,3
350.8425,1403.37,C02625,4
1120.78,2241.56,C01405,2
531.22,1062.44,C00188,2
738.7866666666667,2216.36,C01600,3
774.85,774.85,C00391,1
642.2625,2569.05,C02548,4
521.3033333333334,1563.91,C02746,3
489.2,489.2,C01526,1
121.27,121.27,C00310,1
759.29,2277.87,C02969,3
952.7033333333333,2858.1099999999997,C01741,3
328.28999999999996,1313.1599999999999,C00529,4
667.2066666666667,2001.6200000000001,C00720,3
471.75,943.5,C02884,2
216.84,433.68,C01660,2
608.18,1824.54,C01864,3
186.1,186.1,C00642,1
618.18,618.18,C01780,1
502.97,1005.94,C00857,2
298.37,298.37,C02002,1
615.9075,2463.63,C00773,4
377.7166666666667,1133.15,C02197,3
587.47,587.47,C00977,1
259.21500000000003,518.4300000000001,C02117,2
154.74,154.74,C00897,1
798.61,798.61,C02330,1
1119.66,1119.66,C01112,1
497.25,994.5,C01309,2
344.7,344.7,C00098,1
560.52,560.52,C02251,1
372.26750000000004,1489.0700000000002,C02448,4
494.9,494.9,C01230,1
346.56666666666666,1039.7,C00012,3
830.7,830.7,C02371,1
649.8375,2599.35,C01449,4
124.38,124.38,C00232,1
508.81,1017.62,C00431,2
661.25,1322.5,C02589,2
417.595,835.19,C01369,2
673.9399999999999,2021.82,C00152,3
895.9333333333334,2687.8,C02790,3
357.83,357.83,C01566,1
259.81,259.81,C00355,1
545.995,1091.99,C02708,2
400.54,1201.6200000000001,C01491,3
369.7583333333334,2218.55,C00568,6
443.76,443.76,C02930,1
922.04,1844.08,C01703,2
957.5333333333333,2872.6,C00488,3
803.99,803.99,C01907,1
323.5733333333333,970.72,C00684,3
526.85,1053.7,C02847,2
681.8249999999999,1363.6499999999999,C01823,2
745.65,2982.6,C00607,4
647.4649999999999,1294.9299999999998,C02972,2
736.2,736.2,C02042,1
291.07000000000005,1164.2800000000002,C00818,4
416.42,832.84,C01017,2
326.2233333333333,978.67,C01964,3
712.85,2138.55,C02161,3
978.774,4893.87,C00941,5
301.825,603.65,C02082,2
655.1949999999999,1310.3899999999999,C01154,2
307.135,1228.54,C00137,4
822.3725,3289.49,C02293,4
249.08499999999998,498.16999999999996,C01074,2
1034.66,1034.66,C02492,1
167.99,167.99,C01272,1
666.32,666.32,C00057,1
637.61,3188.05,C02412,5
195.66500000000002,391.33000000000004,C01196,2
137.41,137.41,C00273,1
311.5366666666667,934.61,C02631,3
441.2333333333333,1323.6999999999998,C01412,3
863.6933333333333,2591.08,C00194,3
567.37,567.37,C01606,1
496.32,1985.28,C00397,4
634.58,634.58,C02553,1
382.81,382.81,C02751,1
266.655,533.31,C01532,2
338.985,677.97,C00315,2
471.945,943.89,C02672,2
635.04,635.04,C01747,1
452.3075,1809.23,C00535,4
761.12,761.12,C00725,1
389.875,779.75,C02890,2
437.684,2188.42,C01667,5
654.7650000000001,2619.0600000000004,C00448,4
442.295,884.59,C01870,2
375.23,375.23,C00647,1
572.76,1718.28,C01785,3
557.3233333333334,1671.97,C00862,3
132.57,132.57,C02007,1
916.09,916.09,C00779,1
545.412,2727.06,C02202,5
474.24,1896.96,C00983,4
542.145,1084.29,C02125,2
185.22500000000002,370.45000000000005,C00902,2
345.485,1381.94,C02336,4
668.428,3342.14,C01117,5
707.595,1415.19,C01314,2
303.83500000000004,607.6700000000001,C00104,2
377.8933333333334,1133.68,C02257,3
423.04333333333335,1269.13,C01039,3
484.92,969.84,C02453,2
959.8233333333334,2879.4700000000003,C01235,3
270.24,270.24,C00018,1
442.33500000000004,884.6700000000001,C02376,2
686.1833333333334,2058.55,C01455,3
430.97333333333336,1292.92,C00238,3
309.62,619.24,C00436,2
594.9566666666666,1784.87,C02595,3
594.4359999999999,2972.18,C01375,5
578.1066666666667,1734.3200000000002,C00158,3
457.27,914.54,C02795,2
535.3675,2141.47,C01572,4
658.975,1317.95,C00362,2
849.7400000000001,2549.2200000000003,C02713,3
603.4300000000001,2413.7200000000003,C01496,4
471.2525,1885.01,C00573,4
569.7199999999999,1709.1599999999999,C02936,3
413.2,2066,C01709,5
487.39250000000004,1949.5700000000002,C00495,4
546.9275,2187.71,C01912,4
520.825,1041.65,C00689,2
158.62,317.24,C02852,2
332.82,1664.1,C01631,5
918.135,1836.27,C01831,2
571.96,1143.92,C00612,2
504.32,2521.6,C02978,5
271.13,542.26,C02047,2
732.38,1464.76,C00824,2
521.42,521.42,C01023,1
374.78000000000003,1873.9,C01969,5
956.02,956.02,C00744,1
422.26000000000005,2111.3,C02168,5
616.615,1233.23,C00946,2
804.9933333333333,2414.98,C02088,3
335.34,335.34,C01161,1
631.7133333333333,1895.1399999999999,C00142,3
278.78,557.56,C02299,2
370.41,1111.23,C01080,3
296.61333333333334,889.84,C02499,3
670.115,2680.46,C01278,4
213.39,213.39,C00063,1
298.395,1193.58,C02417,4
418.965,837.93,C01201,2
767.3,767.3,C00280,1
218.19,218.19,C02636,1
429.62,859.24,C01418,2
723.69,1447.38,C00199,2
510.3933333333334,3062.36,C01613,6
571.7666666666667,3430.6,C00402,6
533.6099999999999,2134.4399999999996,C02558,4
699.0866666666667,2097.26,C01336,3
507.53499999999997,1015.0699999999999,C02756,2
201.51333333333332,604.54,C01539,3
153.115,306.23,C00320,2
531.555,2126.22,C02680,4
733.5466666666666,2200.64,C01753,3
501.6816666666667,3010.09,C00540,6
1114.895,2229.79,C00731,2
536.99,536.99,C02895,1
492.4,984.8,C01672,2
353.72249999999997,1414.8899999999999,C00455,4
715.6266666666667,2146.88,C01875,3
866.37,866.37,C00653,1
191.89,191.89,C01790,1
343.62,687.24,C00869,2
421.8999999999999,1265.6999999999998,C02012,3
269.18,538.36,C00786,2
625.97,625.97,C02207,1
332.6,332.6,C00988,1
266.995,533.99,C01931,2
448.46500000000003,896.9300000000001,C02131,2
281.1,562.2,C00909,2
953.3233333333333,2859.97,C02343,3
442.475,884.95,C01122,2
522.2175,2088.87,C01320,4
674.4175,2697.67,C00109,4
408.4066666666667,2450.44,C02263,6
122.26,122.26,C01044,1
560.7225,2242.89,C02459,4
542.87,542.87,C01240,1
625.86,625.86,C00025,1
1074.85,1074.85,C02381,1
1108.52,1108.52,C01461,1
924.14,1848.28,C00243,2
138.34,138.34,C00441,1
361.3,722.6,C02601,2
577.74,577.74,C01381,1
659.5325,2638.13,C00164,4
461.05,922.1,C02802,2
492.225,984.45,C01577,2
1467.46,1467.46,C00368,1
199.29,199.29,C02519,1
745.355,1490.71,C02719,2
239.29,478.58,C01502,2
491.40333333333336,1474.21,C00579,3
632.47,1264.94,C02943,2
390.64,390.64,C01716,1
595.9499999999999,4171.65,C00500,7
937.65,1875.3,C01918,2
542.25,542.25,C00694,1
312.74,312.74,C02859,1
564.59,564.59,C01637,1
784.205,1568.41,C01838,2
275.85,275.85,C00617,1
983.12,983.12,C02984,1
260.51,521.02,C02052,2
850.48,2551.44,C00829,3
486.3575,1945.43,C01029,4
721.1525,2884.61,C01974,4
508.72999999999996,1017.4599999999999,C00749,2
466.68499999999995,933.3699999999999,C02173,2
340.9766666666667,1022.9300000000001,C00952,3
282.71500000000003,565.4300000000001,C02093,2
551.604,2758.02,C01166,5
188.18,188.18,C00148,1
273.81,273.81,C02305,1
716.91,1433.82,C01086,2
555.55,1111.1,C02505,2
730.22,2920.88,C01284,4
319.96999999999997,959.91,C00070,3
586.2666666666667,1758.8,C02225,3
512.15,1024.3,C02422,2
554.7925,2219.17,C01207,4
502.395,1004.79,C00285,2
402.895,805.79,C02641,2
764.73,764.73,C01424,1
478.305,956.61,C00204,2
895.2,895.2,C01620,1
216.19,432.38,C00408,2
583.715,1167.43,C02563,2
154.25,308.5,C01345,2
914.07,914.07,C02763,1
794.06,2382.18,C01544,3
374.0466666666666,1122.1399999999999,C00327,3
952.25,952.25,C02685,1
399.8925,1599.57,C01759,4
1011.92,1011.92,C00545,1
342.4,342.4,C00736,1
680.1899999999999,2720.7599999999998,C02900,4
357.40000000000003,1072.2,C01679,3
280.3233333333333,840.97,C00460,3
408.78,2452.68,C01882,6
403.6,403.6,C00658,1
378.69,378.69,C02823,1
256.37,512.74,C01796,2
572.54,2290.16,C00876,4
311.49,1868.94,C02019,6
404.555,809.11,C00791,2
193.78,193.78,C02212,1
320.21750000000003,1280.8700000000001,C00994,4
605.4633333333334,1816.39,C01940,3
774.54,2323.62,C02136,3
152.04,152.04,C00915,1
442.01,1326.03,C02348,3
323.26,323.26,C01127,1
856.01,856.01,C01327,1
215.49,215.49,C00114,1
402.06,402.06,C02269,1
263.21500000000003,526.4300000000001,C01049,2
531.4766666666667,3188.86,C02466,6
1009.41,2018.82,C01246,2
549.8166666666667,1649.45,C00031,3
212.13,212.13,C02387,1
572.795,1145.59,C01467,2
775.21,1550.42,C00249,2
733.39,733.39,C02606,1
343.715,687.43,C01387,2
141.81,141.81,C00169,1
802.43,2407.29,C02807,3
674.87,1349.74,C01582,2
299.895,1199.58,C00373,4
663.618,3318.09,C02525,5
332.0225,1328.09,C02724,4
201.176,1005.88,C01507,5
464.685,929.37,C00584,2
268.3,536.6,C02948,2
161.38,161.38,C01722,1
610.895,1221.79,C00507,2
579.66,579.66,C01923,1
195.46,195.46,C00699,1
341.805,683.61,C02865,2
411.905,823.81,C01642,2
1106.51,1106.51,C01844,1
500.095,1000.19,C00623,2
270.5466666666667,811.64,C02989,3
686.6949999999999,2746.7799999999997,C02058,4
357.815,715.63,C00835,2
413.3825,1653.53,C01037,4
350.745,701.49,C01982,2
129.57,129.57,C00754,1
344.465,688.93,C02178,2
718.66,2155.98,C00958,3
419.65000000000003,1258.95,C02098,3
313.11,313.11,C01173,1
680.53,680.53,C02310,1
651.8,651.8,C01091,1
1107.08,1107.08,C02511,1
619.4133333333333,1858.24,C01289,3
654.115,1308.23,C00076,2
381.5,381.5,C02232,1
507.05,2535.25,C02429,5
1042.04,1042.04,C01212,1
536.11,536.11,C00293,1
1280.82,1280.82,C02646,1
584.6700000000001,1169.3400000000001,C01430,2
365.905,731.81,C00209,2
601.0899999999999,1202.1799999999998,C01627,2
566.93,1133.86,C00413,2
324.28,648.56,C02569,2
528.3375,2113.35,C01350,4
947.99,947.99,C02768,1
717.8199999999999,1435.6399999999999,C01549,2
613.21,613.21,C00333,1
189.97,189.97,C02691,1
822.6966666666667,2468.09,C01764,3
167.735,335.47,C00550,2
206.18,206.18,C02906,1
433.3625,1733.45,C01684,4
450.244,2251.2200000000003,C00466,5
931.6500000000001,1863.3000000000002,C01887,2
630.4133333333334,1891.2400000000002,C00664,3
247.13,247.13,C02829,1
347.69,1390.76,C01803,4
849.62,849.62,C00882,1
883.4366666666666,2650.31,C02025,3
691.1049999999999,1382.2099999999998,C00797,2
628.98,1886.94,C02217,3
299.40999999999997,1197.6399999999999,C00999,4
823.9566666666666,2471.87,C01945,3
419.97,419.97,C02142,1
435.99666666666667,1307.99,C00921,3
277.89,277.89,C02354,1
926.29,926.29,C01135,1
411.1275,1644.51,C00119,4
448.6125,1794.45,C02274,4
250.01,250.01,C01054,1
570.1566666666666,1710.47,C02474,3
391.108,1955.54,C01252,5
912.2350000000001,1824.4700000000003,C00037,2
805.3933333333334,2416.1800000000003,C02392,3
448.34999999999997,896.6999999999999,C01473,2
313.20666666666665,939.62,C00255,3
606.46,1212.92,C02611,2
333.16,999.48,C01393,3
688.89,688.89,C00176,1
541.24,2164.96,C02815,4
383.57,767.14,C01588,2
177.28333333333333,531.85,C00378,3
518.155,1036.31,C02531,2
768.81,768.81,C02731,1
1258.7,1258.7,C01513,1
432.314,2161.57,C00592,5
173.54,173.54,C02955,1
554.54,554.54,C01727,1
196.31,392.62,C00514,2
307.455,1229.82,C00704,4
364.02,1092.06,C02870,3
418.45000000000005,836.9000000000001,C01647,2
143.28,143.28,C01850,1
1092.65,1092.65,C00629,1
284.09,568.18,C02994,2
707.3050000000001,1414.6100000000001,C02065,2
665.575,1331.15,C00840,2
152.815,305.63,C01987,2
250.46,500.92,C00759,2
363.47,726.94,C02184,2
598.64,1197.28,C00963,2
396.34,396.34,C02104,1
494.26000000000005,2471.3,C01180,5
1034.45,1034.45,C02317,1
739.575,1479.15,C01097,2
786.3000000000001,2358.9,C02517,3
851.51,1703.02,C01296,2
562.0275,2248.11,C00083,4
191.14,191.14,C02237,1
488.8883333333333,2933.33,C02434,6
735.64,3678.2,C01217,5
377.6,377.6,C00300,1
672.9833333333333,2018.95,C02653,3
427.605,855.21,C01435,2
151.23,151.23,C00215,1
627.835,1255.67,C00418,2
425.52,1276.56,C02574,3
317.245,634.49,C01355,2
712.94,712.94,C02775,1
927.9,927.9,C01554,1
557.41,557.41,C00338,1
119.12,119.12,C02696,1
866.96,2600.88,C01770,3
650.59,650.59,C00555,1
382.4866666666667,2294.92,C02913,6
437.05,874.1,C01689,2
347.4,694.8,C00473,2
506.09000000000003,1012.1800000000001,C01893,2
829.8699999999999,1659.7399999999998,C00670,2
411.68,411.68,C02834,1
348.15999999999997,1392.6399999999999,C01808,4
1088.51,1088.51,C00888,1
190.86,190.86,C02030,1
578.012,2890.06,C00804,5
293.84,587.68,C01004,2
670.58,2011.74,C01950,3
725.27,1450.54,C02147,2
557.346,2786.73,C00927,5
150.07,300.14,C02362,2
648.58,648.58,C01141,1
332.855,665.71,C00124,2
420.3075,1681.23,C02281,4
690.64,2071.92,C01059,3
187.76,187.76,C02480,1
1014.83,1014.83,C01257,1
579.59,579.59,C00042,1
704.1933333333333,2112.58,C02397,3
582.93,582.93,C01479,1
796.43,2389.29,C00261,3
639.6700000000001,1279.3400000000001,C02616,2
283.46500000000003,566.9300000000001,C01398,2
204.12,408.24,C00181,2
558.2950000000001,1116.5900000000001,C01593,2
123.23,123.23,C00384,1
465.24666666666667,1395.74,C02538,3
396.5675,1586.27,C02737,4
1005.6,1005.6,C01518,1
357.09999999999997,1071.3,C00302,3
609.77,609.77,C02962,1
635.27,635.27,C01732,1
290.49,290.49,C00522,1
372.52,372.52,C00711,1
613.34,613.34,C02875,1
231.1933333333333,693.5799999999999,C01653,3
193.055,386.11,C01855,2
521.7,521.7,C00635,1
411.97,411.97,C03000,1
413.38,413.38,C02071,1
189.63,189.63,C00850,1
977.07,1954.14,C01993,2
691.56,691.56,C00765,1
145.92000000000002,291.84000000000003,C02189,2
521.155,2084.62,C00969,4
129.77,129.77,C02110,1
170.99,341.98,C01187,2
613.76,613.76,C02323,1
387.03,387.03,C01105,1
533.03,1599.09,C01302,3
435.22499999999997,1740.8999999999999,C00088,4
623.14,1246.28,C02242,2
465.48999999999995,1396.4699999999998,C02440,3
540.3225,2161.29,C01222,4
220.04,220.04,C00004,1
647.66,647.66,C02659,1
644.1666666666666,1932.5,C01441,3
790.4725,3161.89,C00221,4
408.09000000000003,816.1800000000001,C00424,2
577.92,1155.84,C02580,2
376.24,376.24,C01361,1
690.9733333333334,2072.92,C02781,3
428.81000000000006,1715.2400000000002,C01559,4
611.59,1834.77,C00343,3
935.415,1870.83,C02701,2
722.605,2890.42,C01776,4
531.5174999999999,2126.0699999999997,C00560,4
348.71000000000004,697.4200000000001,C02920,2
177.58499999999998,355.16999999999996,C01694,2
889.76,1779.52,C00479,2
266.29333333333335,798.88,C01899,3
254.15,762.45,C00676,3
409.90333333333336,1229.71,C02840,3
534.3333333333334,1603,C01813,3
476.42,2858.52,C00599,6
734.1,734.1,C02035,1
832.62,1665.24,C00809,2
574.65,574.65,C01009,1
573.4333333333334,1720.3000000000002,C01957,3
421.5414285714286,2950.79,C02154,7
789.72,1579.44,C00933,2
628.2049999999999,1256.4099999999999,C02367,2
571.335,1142.67,C01146,2
745.65,2236.95,C00130,3
569.715,1139.43,C02286,2
613.9433333333334,1841.8300000000002,C01067,3
136.09,136.09,C02485,1
868.6060000000001,4343.030000000001,C01263,5
324.21500000000003,648.4300000000001,C00050,2
632.655,1265.31,C02402,2
339.555,679.11,C01189,2
515.832,2579.16,C00266,5
148.2,148.2,C02622,1
889.435,1778.87,C01403,2
279.7933333333333,839.3799999999999,C00186,3
555.1266666666667,1665.3799999999999,C01598,3
586.87,1760.61,C00389,3
978.12,1956.24,C02546,2
392.565,1570.26,C02742,4
136.16,136.16,C01523,1
616.12,616.12,C00308,1
529.15,3174.9,C02967,6
158.04,158.04,C01738,1
333.65,667.3,C00527,2
119.81,119.81,C00718,1
433.67,433.67,C02882,1
590.73,1181.46,C01658,2
394.26,394.26,C01862,1
601.835,1203.67,C00640,2
688.6166666666667,2065.85,C01778,3
931.98,931.98,C00855,1
447.74333333333334,1343.23,C01999,3
905.97,1811.94,C00771,2
668.652,3343.26,C02195,5
903.7750000000001,1807.5500000000002,C00975,2
175.81,175.81,C02115,1
289.5466666666667,868.6400000000001,C00895,3
435.15500000000003,870.3100000000001,C02328,2
356.2,356.2,C01110,1
420.69,841.38,C01307,2
498.97999999999996,997.9599999999999,C00095,2
375.506,1877.53,C02248,5
702.775,1405.55,C02446,2
244.46,488.92,C01228,2
482.43,482.43,C00009,1
615.9666666666667,1847.9,C02667,3
538.78,1077.56,C01447,2
625.68,1877.04,C00229,3
151.17,151.17,C00429,1
637.34,1912.02,C02587,3
752.82,2258.46,C01367,3
582.05,582.05,C02788,1
546.125,2184.5,C01564,4
395.6333333333334,1186.9,C00352,3
298.86,298.86,C02706,1
747.365,1494.73,C01488,2
404.6166666666666,1213.85,C00566,3
381.91,1145.73,C02927,3
328.575,1314.3,C01701,4
754.145,1508.29,C00486,2
441.53999999999996,2207.7,C01904,5
596.6424999999999,2386.5699999999997,C00682,4
396.75,793.5,C02845,2
594.09,2376.36,C01820,4
590.625,1181.25,C00604,2
548.4399999999999,1645.32,C02040,3
561.5899999999999,1123.1799999999998,C00816,2
254.64666666666668,763.94,C01015,3
206.87,413.74,C01962,2
559.56,559.56,C02159,1
268.068,1340.34,C00939,5
636.97,1273.94,C02080,2
667.61,667.61,C01151,1
144.84,144.84,C00135,1
580.21,580.21,C02291,1
482.92,482.92,C01072,1
760.995,1521.99,C02490,2
564.665,1129.33,C01269,2
324,972,C00055,3
236.32000000000002,708.96,C02409,3
336.05499999999995,672.1099999999999,C01194,2
414.43,828.86,C00271,2
743.7733333333334,4462.64,C02629,6
351.08,351.08,C01408,1
967.95,967.95,C00192,1
784.095,1568.19,C01604,2
406.2325,1624.93,C00394,4
594.1700000000001,1188.3400000000001,C02551,2
209.10000000000002,418.20000000000005,C02749,2
1047.48,2094.96,C01530,2
251.25,251.25,C00313,1
753.64,1507.28,C02670,2
317.55333333333334,952.66,C01744,3
571.35,1714.05,C00532,3
736.94,2210.82,C00723,3
637.4733333333334,1912.42,C02887,3
664.1133333333333,1992.3400000000001,C01663,3
372.52333333333337,1117.5700000000002,C00446,3
555.41,555.41,C01868,1
182.98,182.98,C00645,1
433.635,1734.54,C01783,4
122.13,122.13,C00860,1
487.68,487.68,C02005,1
505.8985714285714,3541.29,C00776,7
247.59,247.59,C02200,1
506.42,506.42,C00981,1
642.23,1284.46,C02120,2
378.445,756.89,C00900,2
833.825,1667.65,C02334,2
409.54999999999995,819.0999999999999,C01115,2
329.54,659.08,C01312,2
579.75,2898.75,C00102,5
473.45500000000004,1893.8200000000002,C02254,4
595.105,1190.21,C02451,2
801.66,1603.32,C01233,2
369.255,738.51,C00015,2
319.8333333333333,959.5,C02374,3
643.685,1287.37,C01453,2
277.515,555.03,C00236,2
737.385,2949.54,C00434,4
560.5350000000001,1121.0700000000002,C02593,2
343.4,343.4,C01373,1
810.99,810.99,C00156,1
1017.53,2035.06,C02793,2
433.49666666666667,2600.98,C01570,6
365.16333333333336,1095.49,C00359,3
359.62,719.24,C02711,2
634.0666666666667,1902.2,C01494,3
183.325,366.65,C00571,2
358.22,358.22,C02933,1
480.705,961.41,C01706,2
760.25,1520.5,C00492,2
496.3375,1985.35,C01910,4
435.39,435.39,C00687,1
187.315,374.63,C02850,2
387.2733333333333,1161.82,C01828,3
476.92999999999995,953.8599999999999,C00610,2
600.615,1201.23,C02976,2
388.44,388.44,C02045,1
208.185,832.74,C00822,4
242.48000000000002,727.44,C01020,3
990.75,2972.25,C01967,3
247.71,247.71,C00742,1
615.644,3078.22,C02165,5
417.01,834.02,C00944,2
651.2725,2605.09,C02086,4
946.6,1893.2,C01158,2
700.815,1401.63,C00140,2
540.55,1081.1,C02296,2
848.2433333333333,2544.73,C01077,3
293.05,586.1,C02497,2
802.31,802.31,C01275,1
640.34,1280.68,C00061,2
321.695,643.39,C02415,2
534.9825000000001,2139.9300000000003,C01199,4
168.24,168.24,C00276,1
390.47,390.47,C02634,1
332.03,332.03,C01416,1
776.9466666666667,2330.84,C00197,3
297.15500000000003,594.3100000000001,C01611,2
349.98333333333335,1049.95,C00400,3
405.17333333333335,1215.52,C02556,3
156.18,312.36,C01333,2
491.08,491.08,C02754,1
508.38,508.38,C01535,1
404.02,1212.06,C00318,3
659.065,1318.13,C02676,2
876.16,2628.48,C01751,3
417.58000000000004,835.1600000000001,C00538,2
216.7,216.7,C00728,1
939.03,1878.06,C02893,2
511.725,1023.45,C01670,2
289.28,289.28,C00453,1
872.54,872.54,C01873,1
495.66,1486.98,C00650,3
256.375,512.75,C01788,2
282.155,564.31,C00865,2
434.7,434.7,C02010,1
186.81,186.81,C00783,1
945.945,1891.89,C02205,2
718.2166666666667,2154.65,C00986,3
367.16,1101.48,C01928,3
276.96000000000004,553.9200000000001,C02128,2
605.5,605.5,C00906,1
573.1200000000001,2865.6000000000004,C02340,5
426.98,426.98,C01120,1
358.36,358.36,C01318,1
416.905,2501.43,C00107,6
175.1,175.1,C02260,1
396.18,396.18,C01042,1
205.54,411.08,C02457,2
182.575,365.15,C01238,2
503.17499999999995,1006.3499999999999,C00022,2
356.755,713.51,C02379,2
561.82,2247.28,C01459,4
707.815,1415.63,C00241,2
428.035,856.07,C00439,2
412.54,1237.6200000000001,C02599,3
265.86,265.86,C01379,1
853.01,853.01,C00161,1
823.9366666666666,2471.81,C02799,3
481.02,481.02,C01575,1
404.855,809.71,C00365,2
823.81,823.81,C02716,1
481.94,1445.82,C01499,3
799.5975000000001,3198.3900000000003,C00577,4
508.418,2542.09,C02941,5
365.665,731.33,C01713,2
616.11,616.11,C00498,1
394.57,394.57,C01915,1
624.4866666666667,1873.46,C00692,3
272.145,544.29,C02856,2
1028.82,1028.82,C01635,1
149.62,149.62,C01836,1
829.66,829.66,C00615,1
671.1833333333334,2013.5500000000002,C02982,3
263.39,526.78,C02050,2
448.40000000000003,1345.2,C00827,3
495.3666666666666,1486.1,C01027,3
379.7033333333333,2278.22,C01972,6
557.06,1114.12,C00747,2
772.1500000000001,1544.3000000000002,C02171,2
345.02,690.04,C00949,2
852.8,1705.6,C02091,2
1015.53,2031.06,C01164,2
873.6949999999999,1747.3899999999999,C00146,2
514.18,514.18,C02302,1
367.96,367.96,C01084,1
351.6175,1406.47,C02502,4
428.23249999999996,1712.9299999999998,C01282,4
383.18,766.36,C00068,2
559.35,1118.7,C02223,2
507.275,1014.55,C02420,2
512.1633333333333,1536.49,C01205,3
478.104,2390.52,C00283,5
903.095,1806.19,C02639,2
613.22,613.22,C01421,1
585,585,C00202,1
771.5,771.5,C01618,1
130.56,130.56,C00405,1
318.59999999999997,955.8,C02561,3
919.71,3678.84,C01341,4
536.19,536.19,C02759,1
757.515,1515.03,C01542,2
641,1282,C00323,2
939.5766666666667,2818.73,C02683,3
459.05,918.1,C01757,2
250.79,250.79,C00543,1
145.88,145.88,C00734,1
647.5450000000001,2590.1800000000003,C02898,4
177.21,177.21,C01676,1
724.95,724.95,C00458,1
491.5,491.5,C01879,1
458.81333333333333,1376.44,C00656,3
465.71,465.71,C02821,1
601.888,3009.44,C01794,5
297.75,595.5,C00874,2
963.55,1927.1,C02017,2
483.035,1932.14,C00789,4
395.06,395.06,C02210,1
473.8,1421.4,C00991,3
521.14,1042.28,C01935,2
421.3,421.3,C02134,1
266.63666666666666,799.91,C00913,3
444.36999999999995,1333.11,C02346,3
1003.23,1003.23,C01125,1
208.07,208.07,C01324,1
199.23,199.23,C00112,1
837.53,837.53,C02266,1
472.8433333333333,1418.53,C01047,3
406.95666666666665,1220.87,C02463,3
629.985,1259.97,C01244,2
295.775,591.55,C00028,2
309.16499999999996,618.3299999999999,C02385,2
508.28,1016.56,C01465,2
457.8433333333333,1373.53,C00246,3
384.49,2306.94,C00444,6
425.35999999999996,1276.08,C02604,3
191.35000000000002,382.70000000000005,C01384,2
550.155,2200.62,C00167,4
210.65,210.65,C02805,1
407.4533333333334,1222.3600000000001,C01580,3
394.47,394.47,C00371,1
504.46,504.46,C02523,1
1043.5333333333335,3130.6000000000004,C02722,3
471.26,942.52,C01505,2
668.47,668.47,C00582,1
762.69,762.69,C02946,1
523.29,1046.58,C01720,2
726.5300000000001,1453.0600000000002,C00505,2
909.675,1819.35,C01921,2
531.22,1062.44,C00697,2
501.2166666666667,1503.65,C02862,3
912.59,912.59,C01640,1
341.2866666666667,1023.86,C01841,3
1046.19,1046.19,C00621,1
748.78,748.78,C02987,1
441.055,882.11,C02055,2
547.77,1095.54,C00832,2
533.4399999999999,2667.2,C01032,5
653.465,1306.93,C01980,2
933.43,933.43,C00752,1
259.02,259.02,C02176,1
508.66,508.66,C00956,1
576.895,1153.79,C02096,2
546.8975,2187.59,C01170,4
392.405,784.81,C02308,2
586.748,2933.7400000000002,C01089,5
499.4575,1997.83,C02509,4
283.29,283.29,C01287,1
766.875,1533.75,C00074,2
547.9,547.9,C02229,1
537.18,1611.54,C02426,3
402.78999999999996,1611.1599999999999,C01210,4
289.27799999999996,1446.3899999999999,C00291,5
616.35,1849.0500000000002,C02644,3
1111.0533333333333,3333.16,C01428,3
564.8966666666666,3389.38,C00207,6
967.1400000000001,1934.2800000000002,C01625,2
791.54,791.54,C00411,1
154.64,154.64,C02567,1
460.67,460.67,C01348,1
744.6875,2978.75,C02766,4
408.17499999999995,816.3499999999999,C01547,2
680.13,2040.3899999999999,C00331,3
499.192,2495.96,C02689,5
626.7725,2507.09,C01762,4
572.0975,2288.39,C00548,4
578.055,1156.11,C02904,2
362.87,362.87,C01682,1
601.37,1804.1100000000001,C00464,3
407.43,407.43,C01885,1
214.51,214.51,C00661,1
931.855,1863.71,C02827,2
157.17,157.17,C01800,1
536.41,536.41,C00879,1
134.92,134.92,C02023,1
1035.21,1035.21,C00795,1
579.5333333333333,1738.6,C02215,3
951.68,951.68,C00997,1
225.42666666666665,676.28,C01943,3
130.83,130.83,C02140,1
306.53499999999997,613.0699999999999,C00919,2
342.06333333333333,1026.19,C02352,3
433.265,866.53,C01131,2
452.27,1809.08,C01331,4
135.82,135.82,C00117,1
387.735,775.47,C02272,2
282.4433333333333,847.33,C01052,3
826.77,1653.54,C02472,2
488.74,488.74,C01249,1
377.1575,1508.63,C00035,4
518.8979999999999,2594.49,C02390,5
970.11,1940.22,C01471,2
492.5,492.5,C00252,1
347.935,695.87,C02609,2
126.11,126.11,C01390,1
738.2675,2953.07,C00173,4
348.58500000000004,697.1700000000001,C02813,2
528.42,528.42,C01586,1
304.72,609.44,C00376,2
737.79,1475.58,C02528,2
534.95,1069.9,C02728,2
614.24,614.24,C01511,1
654.336,3271.68,C00588,5
1285.79,1285.79,C02953,1
622.286,3111.43,C01725,5
289.648,1448.24,C00511,5
709.615,1419.23,C01926,2
335.68333333333334,1007.05,C00702,3
485.57,485.57,C02868,1
401.145,1604.58,C01645,4
417.55,835.1,C01848,2
390.85666666666674,1172.5700000000002,C00627,3
363.99,363.99,C02992,1
755.91,755.91,C02062,1
337.5466666666667,1012.64,C00838,3
425.10599999999994,2125.5299999999997,C01985,5
566.98,1133.96,C00757,2
1015.27,1015.27,C02181,1
494.615,989.23,C00961,2
879.485,1758.97,C02102,2
284.64,284.64,C01177,1
187.93,187.93,C02314,1
134.97,134.97,C01095,1
249.92999999999998,749.79,C02515,3
278.33,278.33,C01293,1
648.578,3242.89,C00081,5
405.70500000000004,811.4100000000001,C02235,2
188.445,376.89,C02432,2
949.6,949.6,C01215,1
236.28666666666666,708.86,C00296,3
474.09666666666664,1422.29,C02650,3
770.46,770.46,C01433,1
537.712,2688.56,C00213,5
482.955,965.91,C00416,2
299.32,598.64,C02572,2
569.7525,2279.01,C01353,4
778.856,3894.2799999999997,C02771,5
507.03000000000003,1014.0600000000001,C01552,2
582.655,1165.31,C00336,2
424.00666666666666,1272.02,C02694,3
631.4466666666667,1894.3400000000001,C01768,3
295.355,1181.42,C00553,4
457.3033333333333,1371.9099999999999,C02910,3
719.515,1439.03,C01687,2
788.43,788.43,C00470,1
543.04,1629.12,C01890,3
389.87,779.74,C00668,2
812.33,812.33,C02832,1
356.5533333333333,1069.6599999999999,C01806,3
578.5450000000001,1157.0900000000001,C00885,2
315.11199999999997,1575.56,C02028,5
641.09,641.09,C00802,1
1008.595,2017.19,C01002,2
545.565,1091.13,C01948,2
403.51,807.02,C02145,2
1124.615,2249.23,C00925,2
552.13,1104.26,C02358,2
450.4175,1801.67,C01139,4
890.33,890.33,C00122,1
752.3975,3009.59,C02278,4
273.72,547.44,C01057,2
187.17,187.17,C02478,1
345.3125,1381.25,C01255,4
179.18,179.18,C00040,1
1090.57,1090.57,C02395,1
372.22,372.22,C01477,1
484.44,968.88,C00259,2
291.63,291.63,C02614,1
431.06,431.06,C01396,1
536.7775,2147.11,C00179,4
353.51800000000003,1767.5900000000001,C02818,5
904.2850000000001,1808.5700000000002,C01591,2
704.145,1408.29,C00382,2
586.8633333333333,1760.59,C02536,3
367.65,367.65,C02734,1
616.83,616.83,C01516,1
537.025,1074.05,C00595,2
608.715,1217.43,C02959,2
365.2175,1460.87,C01730,4
744.48,744.48,C00518,1
376.78,1130.34,C00707,3
756.8633333333333,2270.59,C02873,3
505.57,2022.28,C01650,4
462.0775,1848.31,C01853,4
580.8266666666667,1742.48,C00633,3
360.54,360.54,C02998,1
183.73,183.73,C02069,1
199.485,398.97,C00846,2
160.73,160.73,C01990,1
408.865,1635.46,C00762,4
734.165,1468.33,C02187,2
203.69,203.69,C00966,1
407.662,2038.31,C02108,5
493.1775,1972.71,C01185,4
775.5,3877.5,C02320,5
663.54,663.54,C01102,1
597.2166666666667,1791.65,C01299,3
605.538,3027.69,C00086,5
864.0959999999999,4320.48,C02240,5
549.6625,2198.65,C02437,4
573.3633333333333,1720.0900000000001,C01220,3
412.82666666666665,1238.48,C00002,3
318.575,1274.3,C02657,4
870.4666666666667,2611.4,C01439,3
202.01666666666668,606.0500000000001,C00218,3
621.7850000000001,1243.5700000000002,C00421,2
532.6600000000001,2663.3,C02578,5
419.245,838.49,C01359,2
598.1333333333333,1794.4,C02778,3
133.73,133.73,C01557,1
591.82,591.82,C00341,1
423.54499999999996,847.0899999999999,C02699,2
481.44,481.44,C01774,1
402.33,804.66,C00558,2
767.4333333333334,2302.3,C02917,3
432.735,865.47,C01692,2
675.73,1351.46,C00477,2
467.455,1869.82,C01897,4
707.84,707.84,C00674,1
639.0350000000001,1278.0700000000002,C02838,2
435.88,1743.52,C01811,4
387.79,775.58,C00597,2
263.11,263.11,C02033,1
544.9699999999999,1634.9099999999999,C00807,3
292.1,584.2,C01007,2
119.3,119.3,C01955,1
432.1499999999999,1296.4499999999998,C02150,3
428.0725,1712.29,C00931,4
456.18,912.36,C02365,2
868.47,868.47,C01144,1
505.07000000000005,1010.1400000000001,C00127,2
397.81,795.62,C02284,2
490.19,490.19,C01064,1
396.265,792.53,C02483,2
748.9425,2995.77,C01261,4
505.69,505.69,C00045,1
786.76,3147.04,C02400,4
601.49,601.49,C01482,1
137.09,137.09,C00264,1
852.65,1705.3,C02620,2
238.435,476.87,C01401,2
500.295,1000.59,C00184,2
216.11,432.22,C01596,2
470.95,470.95,C00387,1
415.555,831.11,C02542,2
528.5,528.5,C02740,1
160.48,160.48,C01521,1
629.88,629.88,C00305,1
610.81,610.81,C02965,1
839.05,1678.1,C01736,2
421.8,421.8,C00525,1
801.375,1602.75,C00715,2
210.12,420.24,C02878,2
598.54,2394.16,C01656,4
370.4,370.4,C01859,1
773.07,773.07,C00638,1
256.93,513.86,C02075,2
165.46666666666667,496.4,C00853,3
578.15,578.15,C01997,1
405.82500000000005,811.6500000000001,C00769,2
199.99,199.99,C02193,1
142.225,284.45,C00973,2
134.92000000000002,269.84000000000003,C02113,2
195.56,195.56,C00893,1
368.40333333333336,1105.21,C02326,3
419.94,419.94,C01108,1
211.78,211.78,C01305,1
562.03,562.03,C00093,1
387.07500000000005,1548.3000000000002,C02246,4
837.52,837.52,C02444,1
443.245,886.49,C01225,2
657.39,657.39,C00007,1
1080,1080,C02665,1
284.8333333333333,854.5,C01445,3
566.875,2267.5,C00226,4
709.24,1418.48,C00427,2
264.6,264.6,C02585,1
497.905,995.81,C01365,2
219.16,219.16,C02785,1
618.13,618.13,C01562,1
704.1966666666667,2112.59,C00347,3
605.3,1210.6,C02704,2
752.15,1504.3,C01484,2
359.18833333333333,2155.13,C00564,6
835.58,835.58,C02925,1
658.69,1976.0700000000002,C01698,3
381.1,381.1,C00484,1
588.9733333333334,1766.92,C01902,3
641.46,3207.3,C00679,5
380.42666666666673,1141.2800000000002,C02843,3
596.04,1192.08,C01818,2
436.32,872.64,C00602,2
248.05,248.05,C02038,1
481.98,481.98,C00813,1
497.755,995.51,C01013,2
470.69,470.69,C01960,1
443.8,887.6,C02157,2
211.05,211.05,C00936,1
423.07,1269.21,C02077,3
685.5933333333334,2056.78,C01149,3
582.135,1164.27,C00133,2
422.14750000000004,1688.5900000000001,C02289,4
774.49,774.49,C01070,1
383.18,383.18,C02488,1
357.555,715.11,C01267,2
652.2950000000001,1304.5900000000001,C00053,2
486.25,972.5,C02407,2
651.44,1302.88,C01192,2
213.98,213.98,C00269,1
451.155,902.31,C02627,2
350.07166666666666,2100.43,C01406,6
341.94,341.94,C00189,1
706.8966666666666,2120.69,C01602,3
371.88,371.88,C00392,1
451.99,1807.96,C02549,4
398.43,1195.29,C02747,3
1036.24,2072.48,C01527,2
684.4699999999999,2053.41,C00311,3
141.175,282.35,C02971,2
214.38,214.38,C01742,1
398.642,1993.21,C00530,5
710.3866666666667,2131.16,C00721,3
1255.29,1255.29,C02885,1
196.08,196.08,C01661,1
764.185,1528.37,C01865,2
743.78,1487.56,C00643,2
351.20000000000005,1404.8000000000002,C01781,4
503.27,1006.54,C00858,2
414.22,828.44,C02003,2
736.495,1472.99,C00774,2
337.6933333333333,1013.08,C02198,3
547.73,1095.46,C00979,2
208.37,208.37,C02118,1
603.205,1206.41,C00898,2
595.68,1787.04,C02331,3
185.55,185.55,C01113,1
232.70499999999998,465.40999999999997,C01310,2
331.96,331.96,C00100,1
966.45,1932.9,C02252,2
655.3933333333333,1966.18,C02449,3
477.26,477.26,C01231,1
696.8633333333333,2090.59,C00013,3
159.52,159.52,C02372,1
624.4,624.4,C01451,1
211.23,211.23,C00233,1
480.66999999999996,961.3399999999999,C00432,2
635.04,1270.08,C02590,2
771.3100000000001,1542.6200000000001,C01371,2
621.235,1242.47,C00153,2
201.22,402.44,C02791,2
480.95000000000005,961.9000000000001,C01568,2
326.21,326.21,C00356,1
593.7950000000001,1187.5900000000001,C02709,2
875.1,875.1,C01492,1
583.98,583.98,C00569,1
602.83,602.83,C02931,1
513.225,1026.45,C01704,2
322.64,322.64,C00489,1
648.97,1297.94,C01908,2
415.1,415.1,C00685,1
573.4725,2293.89,C02848,4
686.565,1373.13,C01825,2
878.535,1757.07,C00608,2
595.52,1191.04,C02974,2
782.8800000000001,2348.6400000000003,C02043,3
459.8066666666667,1379.42,C00819,3
462.6433333333334,1387.93,C01018,3
709.77,3548.85,C01965,5
478.67499999999995,957.3499999999999,C00740,2
147.97,147.97,C02162,1
698.76,698.76,C00942,1
1080.675,2161.35,C02083,2
736.03,736.03,C01155,1
519.5825,2078.33,C00138,4
660.88,660.88,C02294,1
566.375,1132.75,C01075,2
291.61,583.22,C02494,2
319.0466666666667,957.14,C01273,3
1226.07,1226.07,C00058,1
512.43,512.43,C02413,1
544.205,2176.82,C01197,4
385.92,385.92,C00274,1
416.17,1248.51,C02632,3
348.912,1744.56,C01414,5
272.98,272.98,C00195,1
410.98,410.98,C01607,1
378.73,1136.19,C00398,3
572.38,2289.52,C02554,4
597.225,1194.45,C02752,2
534.28,2137.12,C01533,4
757.26,757.26,C00316,1
407.03499999999997,814.0699999999999,C02673,2
449.735,1798.94,C01749,4
1092.08,1092.08,C00536,1
403.18,403.18,C00726,1
653.77,1307.54,C02891,2
649.36,649.36,C01668,1
1007.35,1007.35,C00450,1
473.82,1421.46,C01871,3
835.48,1670.96,C00648,2
669.29,1338.58,C01786,2
610.07,1220.14,C00863,2
444.2,444.2,C02008,1
264.54,529.08,C00780,2
668.81,1337.62,C02203,2
418.8425,1675.37,C00984,4
330.78999999999996,661.5799999999999,C02126,2
624.1033333333334,1872.31,C00903,3
637.93,1913.79,C02337,3
439.81,439.81,C01118,1
365,365,C01315,1
463.2366666666667,2779.42,C00105,6
147.37,147.37,C02258,1
217.48666666666668,652.46,C01040,3
394.97749999999996,1579.9099999999999,C02454,4
494.1,494.1,C01236,1
561.005,2244.02,C00020,4
610.7850000000001,1221.5700000000002,C02377,2
278.77,557.54,C01456,2
490.38,490.38,C00239,1
594.6242857142857,4162.37,C00437,7
213.15,213.15,C02596,1
381.96,763.92,C01377,2
273.835,547.67,C00159,2
365.81333333333333,1097.44,C02796,3
862.02,862.02,C01573,1
562.605,1125.21,C00363,2
674.585,1349.17,C02714,2
481.485,962.97,C01497,2
320.765,641.53,C00574,2
211.35,211.35,C02937,1
757.51,1515.02,C01711,2
261.45,1568.7,C00496,6
988.03,3952.12,C01913,4
353.69,707.38,C00690,2
807.9825,3231.93,C02853,4
766.2600000000001,2298.78,C01633,3
427.38,854.76,C01832,2
815.035,1630.07,C00613,2
543.3766666666667,1630.13,C02979,3
451.71500000000003,1806.8600000000001,C02048,4
216.14333333333332,648.43,C00825,3
404.4166666666667,1213.25,C01025,3
291.07,1164.28,C01970,4
891.87,891.87,C00745,1
330.9066666666667,992.72,C02169,3
644.4449999999999,1288.8899999999999,C00947,2
592.335,1184.67,C02089,2
317.98,317.98,C01162,1
404.8,404.8,C00143,1
170.18,170.18,C02300,1
426.53,1279.59,C01081,3
658.8050000000001,1317.6100000000001,C02500,2
644.55,644.55,C01280,1
575.73,1151.46,C00065,2
169.34,169.34,C02221,1
501.76500000000004,1003.5300000000001,C02418,2
617.39,617.39,C01203,1
651.0350000000001,1302.0700000000002,C00281,2
145.37,145.37,C02637,1
551.835,1103.67,C01419,2
508.3166666666666,1524.9499999999998,C00200,3
257.71999999999997,773.16,C01614,3
147.12,147.12,C00403,1
651.0133333333333,1953.04,C02559,3
649.35,1298.7,C01337,2
505.885,1011.77,C02757,2
155.15,310.3,C01540,2
622.66,3113.2999999999997,C00321,5
552.0466666666666,1656.1399999999999,C02681,3
626.44,626.44,C01754,1
679.98,2039.94,C00541,3
192.02,192.02,C00732,1
361.43,722.86,C02896,2
282.02,846.06,C01673,3
409.56,409.56,C00456,1
637.0775,2548.31,C01876,4
363.3533333333333,1090.06,C00654,3
657.91,1315.82,C01792,2
438.09999999999997,1314.3,C00871,3
793.0325,3172.13,C02014,4
531.9966666666667,1595.99,C00787,3
960.66,960.66,C02208,1
332.315,664.63,C00989,2
404.85,404.85,C01933,1
184.6,184.6,C02132,1
295.95,295.95,C00910,1
143.17,143.17,C02344,1
657.26,657.26,C01123,1
455.28499999999997,910.5699999999999,C01322,2
875.6,875.6,C00110,1
187.42,187.42,C02264,1
509.28999999999996,1018.5799999999999,C01045,2
1048.95,1048.95,C02460,1
222.72,222.72,C01241,1
331.3,662.6,C00026,2
511.14,511.14,C02383,1
188.47333333333336,565.4200000000001,C01463,3
505.595,1011.19,C00244,2
562.8766666666667,1688.63,C00442,3
875.96,875.96,C02602,1
491.61,1966.44,C01382,4
197.13,197.13,C00165,1
451.38,451.38,C02803,1
593.8,1187.6,C01578,2
308.68,308.68,C00369,1
484.912,2424.56,C02521,5
246.6966666666667,740.09,C02720,3
669.755,1339.51,C01503,2
263.1133333333333,789.3399999999999,C00580,3
1059.22,1059.22,C02944,1
802.1183333333333,4812.71,C01718,6
477.4675,1909.87,C00502,4
207.76,415.52,C01919,2
165.65,165.65,C00695,1
619.11,619.11,C02860,1
943.0649999999999,1886.1299999999999,C01638,2
803.9300000000001,3215.7200000000003,C01839,4
544.72,544.72,C00619,1
483.82,483.82,C02985,1
599.2475000000001,2396.9900000000002,C02053,4
509.265,2037.06,C00830,4
389.145,1556.58,C01030,4
466.77,2333.85,C01977,5
772.38,1544.76,C00750,2
552.1033333333334,1656.31,C02174,3
666.2049999999999,1332.4099999999999,C00954,2
791.3566666666667,2374.07,C02094,3
529.6833333333333,1589.05,C01167,3
168.07,336.14,C00149,2
540.4633333333333,1621.3899999999999,C02306,3
126.52,126.52,C01087,1
171.99,171.99,C02506,1
268.64,805.92,C01285,3
221.51,221.51,C00071,1
257.32666666666665,771.98,C02226,3
355.27666666666664,1065.83,C02423,3
673.44,673.44,C01208,1
251.97,503.94,C00287,2
669.5633333333334,2008.69,C02642,3
383.25666666666666,1149.77,C01426,3
725.6949999999999,1451.3899999999999,C00205,2
632.9866666666667,1898.96,C01623,3
262.67,525.34,C00409,2
517.3,1034.6,C02564,2
1139.4650000000001,2278.9300000000003,C01346,2
1319.4,1319.4,C02764,1
161.01500000000001,322.03000000000003,C01545,2
121.08,121.08,C00328,1
271.65000000000003,814.95,C02686,3
865.74,1731.48,C01760,2
535.27,1605.81,C00546,3
745.67,745.67,C00737,1
465.15,1860.6,C02902,4
562.95,2251.8,C01680,4
659.25,659.25,C00461,1
174.96,349.92,C01883,2
436.75666666666666,1310.27,C00659,3
530.466,2652.33,C02824,5
503.07000000000005,1006.1400000000001,C01797,2
866.995,1733.99,C00877,2
526.88,2634.4,C02020,5
543.88,1631.6399999999999,C00792,3
583.98,1751.94,C02213,3
598.04,598.04,C00995,1
500.5,500.5,C01941,1
575.6633333333333,1726.99,C02137,3
492.40999999999997,2462.0499999999997,C00917,5
298.39,596.78,C02349,2
561.9575,2247.83,C01128,4
297.098,1485.49,C01328,5
558.39,1116.78,C00115,2
831.97,1663.94,C02270,2
465.85999999999996,931.7199999999999,C01050,2
519.49,1038.98,C02467,2
144.74,144.74,C01247,1
700.005,1400.01,C00033,2
417.53,835.06,C02388,2
143.02,143.02,C01468,1
549.7325000000001,2198.9300000000003,C00250,4
774.025,1548.05,C02607,2
410.135,820.27,C01388,2
177.04,354.08,C00170,2
444.8766666666667,2669.26,C02808,6
548.905,1097.81,C01583,2
706.085,1412.17,C00374,2
265.4,530.8,C02526,2
316.49,632.98,C02726,2
466.78,933.56,C01508,2
277.19,554.38,C00585,2
664.7033333333334,1994.1100000000001,C02949,3
268.32,268.32,C01723,1
639.09,1278.18,C00508,2
642.6066666666667,1927.82,C01924,3
533.9,1601.7,C00700,3
488.07333333333327,1464.2199999999998,C02866,3
417.68,2088.4,C01643,5
138.61,138.61,C01845,1
511.49,1534.47,C00624,3
121.91,121.91,C02990,1
685.63,2056.89,C02059,3
200.2,200.2,C00836,1
947.34,947.34,C01983,1
375.47,1501.88,C00755,4
1201.06,1201.06,C02179,1
887.12,887.12,C00959,1
408.815,817.63,C02099,2
391.455,1565.82,C01174,4
596.0633333333334,1788.19,C02312,3
626.2199999999999,1878.6599999999999,C01093,3
262.14,262.14,C02512,1
466.88500000000005,933.7700000000001,C01290,2
325.88800000000003,1629.44,C00078,5
566.42,566.42,C02233,1
570.1125,2280.45,C02430,4
472.81,1418.43,C01213,3
467.29,934.58,C00294,2
542.1766666666666,1626.53,C02647,3
644.7,644.7,C01431,1
722.47,722.47,C00211,1
346.05999999999995,1038.1799999999998,C01629,3
459.51,1378.53,C00414,3
486.975,973.95,C02570,2
368.475,1473.9,C01351,4
759.3499999999999,1518.6999999999998,C02769,2
171.82,171.82,C01550,1
385.02,770.04,C00334,2
698.12,698.12,C02692,1
850.87,850.87,C01765,1
343.63,343.63,C00551,1
608.7149999999999,1217.4299999999998,C02907,2
262.15,262.15,C01685,1
620.9399999999999,1862.82,C00468,3
697.1866666666666,2091.56,C01888,3
639.66,639.66,C00665,1
701.874,3509.37,C02830,5
581.415,1162.83,C01804,2
486.02000000000004,972.0400000000001,C00883,2
299.62,599.24,C02026,2
217.22,217.22,C00798,1
776.95,776.95,C02218,1
147.12,147.12,C01000,1
270.75,270.75,C01946,1
355.02,1065.06,C02143,3
318.94,956.8199999999999,C00923,3
594.4433333333333,1783.33,C02356,3
746.415,1492.83,C01136,2
613.4125,2453.65,C00120,4
1036.32,1036.32,C02275,1
517.675,1035.35,C01055,2
142.55,142.55,C02476,1
428.10749999999996,1712.4299999999998,C01253,4
480.16,1440.48,C00038,3
621.574,3107.87,C02393,5
572.705,2290.82,C01475,4
126.5,126.5,C00256,1
158.45,158.45,C02612,1
600.575,1201.15,C01394,2
483.93333333333334,1451.8,C00177,3
777.115,1554.23,C02816,2
682.71,682.71,C01589,1
251.675,503.35,C00379,2
393.76599999999996,1968.83,C02532,5
653.75,1307.5,C02732,2
435.03999999999996,2175.2,C01514,5
854.1500000000001,1708.3000000000002,C00593,2
606.5466666666666,3639.2799999999997,C02956,6
357.89500000000004,715.7900000000001,C01728,2
542.7166666666666,3256.2999999999997,C00516,6
453.6,907.2,C00705,2
567.38,1134.76,C02871,2
702.0999999999999,1404.1999999999998,C01648,2
509.8525,2039.41,C01851,4
862.69,862.69,C00630,1
667.94,667.94,C02995,1
583.4866666666667,1750.46,C02067,3
511.1333333333334,1533.4,C00843,3
339.16499999999996,1356.6599999999999,C01988,4
353.88,353.88,C00760,1
246.11499999999998,492.22999999999996,C02185,2
462.5,462.5,C00964,1
338.5,338.5,C02105,1
238.38600000000002,1191.93,C01183,5
382.90333333333336,1148.71,C02318,3
783.5999999999999,1567.1999999999998,C01099,2
382.955,765.91,C01297,2
557.476,2787.38,C00084,5
374.42,1872.1000000000001,C02238,5
387.92,775.84,C02435,2
915.7825,3663.13,C01218,4
994.98,1989.96,C00301,2
1044.01,3132.0299999999997,C02654,3
379.74,379.74,C01436,1
701.645,1403.29,C00216,2
751.72,3006.88,C00419,4
762.3,1524.6,C02575,2
734.28,734.28,C01356,1
544.59,544.59,C02776,1
425,850,C01555,2
161.35,161.35,C00339,1
638.132,3190.66,C02697,5
496.51,496.51,C01771,1
648.59,1297.18,C00556,2
202.23,202.23,C02915,1
537.265,1074.53,C01690,2
227.60666666666668,682.82,C00474,3
415.9,415.9,C01894,1
668.12,1336.24,C00672,2
291.6175,1166.47,C02835,4
1337.9,1337.9,C01809,1
421.92,843.84,C00889,2
375.26,375.26,C02031,1
130.89,130.89,C00805,1
431.34999999999997,862.6999999999999,C01005,2
1100.675,2201.35,C01952,2
410.1125,1640.45,C02148,4
378.94,378.94,C00928,1
274.765,549.53,C02363,2
843.29,843.29,C01142,1
291.65714285714284,2041.6,C00125,7
519.9499999999999,1559.85,C02282,3
533.9066666666666,1601.72,C01060,3
531.46,531.46,C02481,1
444.34749999999997,1777.3899999999999,C01259,4
677.52,2710.08,C00043,4
667.2175,2668.87,C02398,4
573.1324999999999,2292.5299999999997,C01480,4
420.9066666666667,1262.72,C00262,3
612.2249999999999,1224.4499999999998,C02617,2
210.85999999999999,421.71999999999997,C01399,2
316.025,632.05,C00182,2
457.65333333333336,1372.96,C01594,3
345.53,345.53,C00385,1
609.9266666666666,1829.7799999999997,C02540,3
474.83,1899.32,C02738,4
239.39666666666668,718.19,C01519,3
392.8333333333333,1178.5,C00303,3
644.87,1289.74,C02963,2
643.64,643.64,C01733,1
782.145,1564.29,C00523,2
243.69333333333336,731.08,C00713,3
537.0233333333333,1611.07,C02876,3
547.65,1642.95,C01654,3
443.99666666666667,1331.99,C01856,3
613.7066666666667,1841.1200000000001,C00636,3
831.21,831.21,C02072,1
433.33,866.66,C00851,2
333.6366666666667,1000.9100000000001,C01995,3
553.5799999999999,2214.3199999999997,C00767,4
605.89,1211.78,C02191,2
584.15,1168.3,C00970,2
235.585,471.17,C02111,2
553.38,553.38,C00891,1
168.49,168.49,C02324,1
609.67,609.67,C01106,1
550.235,2200.94,C01303,4
247.74,247.74,C00090,1
242.37,484.74,C02243,2
200.23000000000002,400.46000000000004,C02442,2
418.2633333333333,1254.79,C01223,3
531.7774999999999,2127.1099999999997,C00005,4
461.45,461.45,C02660,1
238.40499999999997,476.80999999999995,C01443,2
518.5433333333334,3111.26,C00222,6
442.736,2213.68,C00425,5
980.2566666666667,2940.77,C02582,3
429.16,429.16,C01362,1
418.165,1672.66,C02782,4
1244.61,1244.61,C01560,1
266.73,533.46,C00345,2
578.9566666666667,1736.8700000000001,C02702,3
534.69,534.69,C01777,1
995.335,1990.67,C00561,2
772.5550000000001,1545.1100000000001,C02923,2
393.47,393.47,C01696,1
569.39,569.39,C00482,1
596.65,3579.8999999999996,C01900,6
209.35,209.35,C00677,1
544.3824999999999,2177.5299999999997,C02841,4
454.4,454.4,C01816,1
586.06,2344.24,C00600,4
1321.47,1321.47,C02036,1
154.72,154.72,C00811,1
565.9449999999999,1131.8899999999999,C01011,2
736.045,1472.09,C01958,2
422.49,422.49,C02155,1
797.29,2391.87,C00934,3
289.94,289.94,C02368,1
808.44,808.44,C01147,1
204.73000000000002,409.46000000000004,C00131,2
628.77,1257.54,C02287,2
460.265,920.53,C01068,2
128.79,128.79,C02486,1
929.59,1859.18,C01264,2
144.21,144.21,C00051,1
295.79,295.79,C02405,1
521.6133333333333,1564.8400000000001,C01190,3
632.4739999999999,3162.37,C00267,5
301.19,602.38,C02623,2
461.605,1846.42,C01404,4
183.24,366.48,C00187,2
256.64750000000004,1026.5900000000001,C01599,4
136.76,136.76,C00390,1
632.03,1264.06,C02547,2
671.78,671.78,C02743,1
858.61,858.61,C01525,1
311.88,935.64,C00309,3
679.8575,2719.43,C02968,4
1194.19,1194.19,C01739,1
475.495,1901.98,C00528,4
386.5166666666667,1159.5500000000002,C00719,3
148.5,297,C02883,2
752.08,1504.16,C01659,2
367.59999999999997,1102.8,C01863,3
789.405,1578.81,C00641,2
268.2966666666667,804.8900000000001,C01779,3
871.1575,3484.63,C00856,4
162.705,325.41,C02000,2
299.29,299.29,C00772,1
177.37,177.37,C02196,1
939.34,1878.68,C00976,2
1263.85,1263.85,C02116,1
716.52,2149.56,C00896,3
460.97,921.94,C02329,2
366.585,733.17,C01111,2
602.2850000000001,1204.5700000000002,C01308,2
307.535,615.07,C00097,2
824.27,3297.08,C02249,4
792.42,1584.84,C02447,2
771.29,1542.58,C01229,2
189.235,378.47,C00010,2
122.02,122.02,C02370,1
413.69666666666666,1241.09,C01448,3
473.98,473.98,C00231,1
594.625,1189.25,C00430,2
779.99,779.99,C02588,1
705.1825,2820.73,C01368,4
377.29,377.29,C02789,1
480.07666666666665,1440.23,C01565,3
841.47,1682.94,C00354,2
670.2866666666667,2010.8600000000001,C02707,3
148.3,148.3,C01489,1
545.8433333333334,1637.53,C00567,3
1021.97,1021.97,C02928,1
207.12,414.24,C01702,2
425.3,425.3,C00487,1
367.81,1103.43,C01905,3
479.37,479.37,C00683,1
519.0375,2076.15,C02846,4
433.54499999999996,867.0899999999999,C01822,2
402.13,804.26,C00605,2
306.615,613.23,C02041,2
122.87,122.87,C00817,1
311.04,311.04,C01016,1
335.31,1005.9300000000001,C01963,3
703.06,703.06,C02160,1
690.9575,2763.83,C00940,4
768.015,1536.03,C02081,2
717.5050000000001,1435.0100000000002,C01153,2
851.95,1703.9,C00136,2
465.85,931.7,C02292,2
512.07,512.07,C01073,1
446.885,893.77,C02491,2
711.0050000000001,1422.0100000000002,C01271,2
490.3533333333333,1471.06,C00056,3
195.59,195.59,C02410,1
125.04,125.04,C01195,1
1051.38,1051.38,C00272,1
710.34,1420.68,C02630,2
414.61,414.61,C01409,1
646.525,1293.05,C00193,2
791.3533333333335,2374.0600000000004,C01605,3
533.1033333333334,1599.31,C00396,3
499.91999999999996,1999.6799999999998,C02552,4
476.19,1428.57,C02750,3
183.34,183.34,C01531,1
538.6266666666667,1615.88,C00314,3
211.35,211.35,C02671,1
576.0966666666667,1728.29,C01746,3
686.515,1373.03,C00533,2
241.97833333333335,1451.8700000000001,C00724,6
